ID,Type,SKU,Parent,Categories,Regular price,Sale price,Attribute 1 name,Attribute 1 value(s),Attribute 1 visible,Attribute 1 global,Attribute 1 default,Attribute 2 name,Attribute 2 value(s),Attribute 2 visible,Attribute 2 global,Attribute 2 default
29521,variable,ST-COMFORT-TEE-C2,,Tees,,,Size,"S, M, L, XL, XXL",1,1,S,Colors,"Black / Navy Blue, Olive Green / Maroon, Asphalt / Bottle Green, Black / Maroon",1,1,Black / Navy Blue
,variation,ST-COMFORT-TEE-C2-S-1,ST-COMFORT-TEE-C2,,2198,1399,Size,S,,1,,Colors,Black / Navy Blue,,1,
,variation,ST-COMFORT-TEE-C2-S-2,ST-COMFORT-TEE-C2,,2198,1399,Size,S,,1,,Colors,Olive Green / Maroon,,1,
,variation,ST-COMFORT-TEE-C2-S-3,ST-COMFORT-TEE-C2,,2198,1399,Size,S,,1,,Colors,Asphalt / Bottle Green,,1,
,variation,ST-COMFORT-TEE-C2-S-4,ST-COMFORT-TEE-C2,,2198,1399,Size,S,,1,,Colors,Black / Maroon,,1,
,variation,ST-COMFORT-TEE-C2-M-1,ST-COMFORT-TEE-C2,,2198,1399,Size,M,,1,,Colors,Black / Navy Blue,,1,
,variation,ST-COMFORT-TEE-C2-M-2,ST-COMFORT-TEE-C2,,2198,1399,Size,M,,1,,Colors,Olive Green / Maroon,,1,
,variation,ST-COMFORT-TEE-C2-M-3,ST-COMFORT-TEE-C2,,2198,1399,Size,M,,1,,Colors,Asphalt / Bottle Green,,1,
,variation,ST-COMFORT-TEE-C2-M-4,ST-COMFORT-TEE-C2,,2198,1399,Size,M,,1,,Colors,Black / Maroon,,1,
,variation,ST-COMFORT-TEE-C2-L-1,ST-COMFORT-TEE-C2,,2198,1399,Size,L,,1,,Colors,Black / Navy Blue,,1,
,variation,ST-COMFORT-TEE-C2-L-2,ST-COMFORT-TEE-C2,,2198,1399,Size,L,,1,,Colors,Olive Green / Maroon,,1,
,variation,ST-COMFORT-TEE-C2-L-3,ST-COMFORT-TEE-C2,,2198,1399,Size,L,,1,,Colors,Asphalt / Bottle Green,,1,
,variation,ST-COMFORT-TEE-C2-L-4,ST-COMFORT-TEE-C2,,2198,1399,Size,L,,1,,Colors,Black / Maroon,,1,
,variation,ST-COMFORT-TEE-C2-XL-1,ST-COMFORT-TEE-C2,,2198,1399,Size,XL,,1,,Colors,Black / Navy Blue,,1,
,variation,ST-COMFORT-TEE-C2-XL-2,ST-COMFORT-TEE-C2,,2198,1399,Size,XL,,1,,Colors,Olive Green / Maroon,,1,
,variation,ST-COMFORT-TEE-C2-XL-3,ST-COMFORT-TEE-C2,,2198,1399,Size,XL,,1,,Colors,Asphalt / Bottle Green,,1,
,variation,ST-COMFORT-TEE-C2-XL-4,ST-COMFORT-TEE-C2,,2198,1399,Size,XL,,1,,Colors,Black / Maroon,,1,
,variation,ST-COMFORT-TEE-C2-XXL-1,ST-COMFORT-TEE-C2,,2198,1399,Size,XXL,,1,,Colors,Black / Navy Blue,,1,
,variation,ST-COMFORT-TEE-C2-XXL-2,ST-COMFORT-TEE-C2,,2198,1399,Size,XXL,,1,,Colors,Olive Green / Maroon,,1,
,variation,ST-COMFORT-TEE-C2-XXL-3,ST-COMFORT-TEE-C2,,2198,1399,Size,XXL,,1,,Colors,Asphalt / Bottle Green,,1,
,variation,ST-COMFORT-TEE-C2-XXL-4,ST-COMFORT-TEE-C2,,2198,1399,Size,XXL,,1,,Colors,Black / Maroon,,1,
29544,variable,ST-COMFORT-TEE-C3,,Tees,,,Size,"S, M, L, XL, XXL",1,1,S,Colors,"Black / Navy Blue / Maroon, Olive Green / Kiwi Green / Bottle Green, Black / Asphalt / Navy Blue",1,1,Black / Navy Blue / Maroon
,variation,ST-COMFORT-TEE-C3-S-1,ST-COMFORT-TEE-C3,,3297,1999,Size,S,,1,,Colors,Black / Navy Blue / Maroon,,1,
,variation,ST-COMFORT-TEE-C3-S-2,ST-COMFORT-TEE-C3,,3297,1999,Size,S,,1,,Colors,Olive Green / Kiwi Green / Bottle Green,,1,
,variation,ST-COMFORT-TEE-C3-S-3,ST-COMFORT-TEE-C3,,3297,1999,Size,S,,1,,Colors,Black / Asphalt / Navy Blue,,1,
,variation,ST-COMFORT-TEE-C3-M-1,ST-COMFORT-TEE-C3,,3297,1999,Size,M,,1,,Colors,Black / Navy Blue / Maroon,,1,
,variation,ST-COMFORT-TEE-C3-M-2,ST-COMFORT-TEE-C3,,3297,1999,Size,M,,1,,Colors,Olive Green / Kiwi Green / Bottle Green,,1,
,variation,ST-COMFORT-TEE-C3-M-3,ST-COMFORT-TEE-C3,,3297,1999,Size,M,,1,,Colors,Black / Asphalt / Navy Blue,,1,
,variation,ST-COMFORT-TEE-C3-L-1,ST-COMFORT-TEE-C3,,3297,1999,Size,L,,1,,Colors,Black / Navy Blue / Maroon,,1,
,variation,ST-COMFORT-TEE-C3-L-2,ST-COMFORT-TEE-C3,,3297,1999,Size,L,,1,,Colors,Olive Green / Kiwi Green / Bottle Green,,1,
,variation,ST-COMFORT-TEE-C3-L-3,ST-COMFORT-TEE-C3,,3297,1999,Size,L,,1,,Colors,Black / Asphalt / Navy Blue,,1,
,variation,ST-COMFORT-TEE-C3-XL-1,ST-COMFORT-TEE-C3,,3297,1999,Size,XL,,1,,Colors,Black / Navy Blue / Maroon,,1,
,variation,ST-COMFORT-TEE-C3-XL-2,ST-COMFORT-TEE-C3,,3297,1999,Size,XL,,1,,Colors,Olive Green / Kiwi Green / Bottle Green,,1,
,variation,ST-COMFORT-TEE-C3-XL-3,ST-COMFORT-TEE-C3,,3297,1999,Size,XL,,1,,Colors,Black / Asphalt / Navy Blue,,1,
,variation,ST-COMFORT-TEE-C3-XXL-1,ST-COMFORT-TEE-C3,,3297,1999,Size,XXL,,1,,Colors,Black / Navy Blue / Maroon,,1,
,variation,ST-COMFORT-TEE-C3-XXL-2,ST-COMFORT-TEE-C3,,3297,1999,Size,XXL,,1,,Colors,Olive Green / Kiwi Green / Bottle Green,,1,
,variation,ST-COMFORT-TEE-C3-XXL-3,ST-COMFORT-TEE-C3,,3297,1999,Size,XXL,,1,,Colors,Black / Asphalt / Navy Blue,,1,
29546,variable,ST-OVERSIZE-TEE-C2,,Tees,,,Size,"S, M, L, XL, XXL",1,1,S,Colors,"Black / Olive Green, Lagoon Blue / Peacock Blue, Dessert / Rose Mist, Black / Lagoon Blue",1,1,Black / Olive Green
,variation,ST-OVERSIZE-TEE-C2-S-1,ST-OVERSIZE-TEE-C2,,2598,1799,Size,S,,1,,Colors,Black / Olive Green,,1,
,variation,ST-OVERSIZE-TEE-C2-S-2,ST-OVERSIZE-TEE-C2,,2598,1799,Size,S,,1,,Colors,Lagoon Blue / Peacock Blue,,1,
,variation,ST-OVERSIZE-TEE-C2-S-3,ST-OVERSIZE-TEE-C2,,2598,1799,Size,S,,1,,Colors,Dessert / Rose Mist,,1,
,variation,ST-OVERSIZE-TEE-C2-S-4,ST-OVERSIZE-TEE-C2,,2598,1799,Size,S,,1,,Colors,Black / Lagoon Blue,,1,
,variation,ST-OVERSIZE-TEE-C2-M-1,ST-OVERSIZE-TEE-C2,,2598,1799,Size,M,,1,,Colors,Black / Olive Green,,1,
,variation,ST-OVERSIZE-TEE-C2-M-2,ST-OVERSIZE-TEE-C2,,2598,1799,Size,M,,1,,Colors,Lagoon Blue / Peacock Blue,,1,
,variation,ST-OVERSIZE-TEE-C2-M-3,ST-OVERSIZE-TEE-C2,,2598,1799,Size,M,,1,,Colors,Dessert / Rose Mist,,1,
,variation,ST-OVERSIZE-TEE-C2-M-4,ST-OVERSIZE-TEE-C2,,2598,1799,Size,M,,1,,Colors,Black / Lagoon Blue,,1,
,variation,ST-OVERSIZE-TEE-C2-L-1,ST-OVERSIZE-TEE-C2,,2598,1799,Size,L,,1,,Colors,Black / Olive Green,,1,
,variation,ST-OVERSIZE-TEE-C2-L-2,ST-OVERSIZE-TEE-C2,,2598,1799,Size,L,,1,,Colors,Lagoon Blue / Peacock Blue,,1,
,variation,ST-OVERSIZE-TEE-C2-L-3,ST-OVERSIZE-TEE-C2,,2598,1799,Size,L,,1,,Colors,Dessert / Rose Mist,,1,
,variation,ST-OVERSIZE-TEE-C2-L-4,ST-OVERSIZE-TEE-C2,,2598,1799,Size,L,,1,,Colors,Black / Lagoon Blue,,1,
,variation,ST-OVERSIZE-TEE-C2-XL-1,ST-OVERSIZE-TEE-C2,,2598,1799,Size,XL,,1,,Colors,Black / Olive Green,,1,
,variation,ST-OVERSIZE-TEE-C2-XL-2,ST-OVERSIZE-TEE-C2,,2598,1799,Size,XL,,1,,Colors,Lagoon Blue / Peacock Blue,,1,
,variation,ST-OVERSIZE-TEE-C2-XL-3,ST-OVERSIZE-TEE-C2,,2598,1799,Size,XL,,1,,Colors,Dessert / Rose Mist,,1,
,variation,ST-OVERSIZE-TEE-C2-XL-4,ST-OVERSIZE-TEE-C2,,2598,1799,Size,XL,,1,,Colors,Black / Lagoon Blue,,1,
,variation,ST-OVERSIZE-TEE-C2-XXL-1,ST-OVERSIZE-TEE-C2,,2598,1799,Size,XXL,,1,,Colors,Black / Olive Green,,1,
,variation,ST-OVERSIZE-TEE-C2-XXL-2,ST-OVERSIZE-TEE-C2,,2598,1799,Size,XXL,,1,,Colors,Lagoon Blue / Peacock Blue,,1,
,variation,ST-OVERSIZE-TEE-C2-XXL-3,ST-OVERSIZE-TEE-C2,,2598,1799,Size,XXL,,1,,Colors,Dessert / Rose Mist,,1,
,variation,ST-OVERSIZE-TEE-C2-XXL-4,ST-OVERSIZE-TEE-C2,,2598,1799,Size,XXL,,1,,Colors,Black / Lagoon Blue,,1,
29548,variable,ST-OVERSIZE-TEE-C3,,Tees,,,Size,"S, M, L, XL, XXL",1,1,S,Colors,"Black / Dessert / Olive Green, Lagoon Blue / Peacock Blue / Black, Rose Mist / Dessert / Lagoon Blue",1,1,Black / Dessert / Olive Green
,variation,ST-OVERSIZE-TEE-C3-S-1,ST-OVERSIZE-TEE-C3,,3897,2499,Size,S,,1,,Colors,Black / Dessert / Olive Green,,1,
,variation,ST-OVERSIZE-TEE-C3-S-2,ST-OVERSIZE-TEE-C3,,3897,2499,Size,S,,1,,Colors,Lagoon Blue / Peacock Blue / Black,,1,
,variation,ST-OVERSIZE-TEE-C3-S-3,ST-OVERSIZE-TEE-C3,,3897,2499,Size,S,,1,,Colors,Rose Mist / Dessert / Lagoon Blue,,1,
,variation,ST-OVERSIZE-TEE-C3-M-1,ST-OVERSIZE-TEE-C3,,3897,2499,Size,M,,1,,Colors,Black / Dessert / Olive Green,,1,
,variation,ST-OVERSIZE-TEE-C3-M-2,ST-OVERSIZE-TEE-C3,,3897,2499,Size,M,,1,,Colors,Lagoon Blue / Peacock Blue / Black,,1,
,variation,ST-OVERSIZE-TEE-C3-M-3,ST-OVERSIZE-TEE-C3,,3897,2499,Size,M,,1,,Colors,Rose Mist / Dessert / Lagoon Blue,,1,
,variation,ST-OVERSIZE-TEE-C3-L-1,ST-OVERSIZE-TEE-C3,,3897,2499,Size,L,,1,,Colors,Black / Dessert / Olive Green,,1,
,variation,ST-OVERSIZE-TEE-C3-L-2,ST-OVERSIZE-TEE-C3,,3897,2499,Size,L,,1,,Colors,Lagoon Blue / Peacock Blue / Black,,1,
,variation,ST-OVERSIZE-TEE-C3-L-3,ST-OVERSIZE-TEE-C3,,3897,2499,Size,L,,1,,Colors,Rose Mist / Dessert / Lagoon Blue,,1,
,variation,ST-OVERSIZE-TEE-C3-XL-1,ST-OVERSIZE-TEE-C3,,3897,2499,Size,XL,,1,,Colors,Black / Dessert / Olive Green,,1,
,variation,ST-OVERSIZE-TEE-C3-XL-2,ST-OVERSIZE-TEE-C3,,3897,2499,Size,XL,,1,,Colors,Lagoon Blue / Peacock Blue / Black,,1,
,variation,ST-OVERSIZE-TEE-C3-XL-3,ST-OVERSIZE-TEE-C3,,3897,2499,Size,XL,,1,,Colors,Rose Mist / Dessert / Lagoon Blue,,1,
,variation,ST-OVERSIZE-TEE-C3-XXL-1,ST-OVERSIZE-TEE-C3,,3897,2499,Size,XXL,,1,,Colors,Black / Dessert / Olive Green,,1,
,variation,ST-OVERSIZE-TEE-C3-XXL-2,ST-OVERSIZE-TEE-C3,,3897,2499,Size,XXL,,1,,Colors,Lagoon Blue / Peacock Blue / Black,,1,
,variation,ST-OVERSIZE-TEE-C3-XXL-3,ST-OVERSIZE-TEE-C3,,3897,2499,Size,XXL,,1,,Colors,Rose Mist / Dessert / Lagoon Blue,,1,
29550,variable,ST-EXECUTIVE-POLO-C2,,Polos,,,Size,"S, M, L, XL, XXL",1,1,S,Colors,"Black / White, Petrol Blue / Old Navy, Grey / Maroon, Black / Grey",1,1,Black / White
,variation,ST-EXECUTIVE-POLO-C2-S-1,ST-EXECUTIVE-POLO-C2,,2998,1999,Size,S,,1,,Colors,Black / White,,1,
,variation,ST-EXECUTIVE-POLO-C2-S-2,ST-EXECUTIVE-POLO-C2,,2998,1999,Size,S,,1,,Colors,Petrol Blue / Old Navy,,1,
,variation,ST-EXECUTIVE-POLO-C2-S-3,ST-EXECUTIVE-POLO-C2,,2998,1999,Size,S,,1,,Colors,Grey / Maroon,,1,
,variation,ST-EXECUTIVE-POLO-C2-S-4,ST-EXECUTIVE-POLO-C2,,2998,1999,Size,S,,1,,Colors,Black / Grey,,1,
,variation,ST-EXECUTIVE-POLO-C2-M-1,ST-EXECUTIVE-POLO-C2,,2998,1999,Size,M,,1,,Colors,Black / White,,1,
,variation,ST-EXECUTIVE-POLO-C2-M-2,ST-EXECUTIVE-POLO-C2,,2998,1999,Size,M,,1,,Colors,Petrol Blue / Old Navy,,1,
,variation,ST-EXECUTIVE-POLO-C2-M-3,ST-EXECUTIVE-POLO-C2,,2998,1999,Size,M,,1,,Colors,Grey / Maroon,,1,
,variation,ST-EXECUTIVE-POLO-C2-M-4,ST-EXECUTIVE-POLO-C2,,2998,1999,Size,M,,1,,Colors,Black / Grey,,1,
,variation,ST-EXECUTIVE-POLO-C2-L-1,ST-EXECUTIVE-POLO-C2,,2998,1999,Size,L,,1,,Colors,Black / White,,1,
,variation,ST-EXECUTIVE-POLO-C2-L-2,ST-EXECUTIVE-POLO-C2,,2998,1999,Size,L,,1,,Colors,Petrol Blue / Old Navy,,1,
,variation,ST-EXECUTIVE-POLO-C2-L-3,ST-EXECUTIVE-POLO-C2,,2998,1999,Size,L,,1,,Colors,Grey / Maroon,,1,
,variation,ST-EXECUTIVE-POLO-C2-L-4,ST-EXECUTIVE-POLO-C2,,2998,1999,Size,L,,1,,Colors,Black / Grey,,1,
,variation,ST-EXECUTIVE-POLO-C2-XL-1,ST-EXECUTIVE-POLO-C2,,2998,1999,Size,XL,,1,,Colors,Black / White,,1,
,variation,ST-EXECUTIVE-POLO-C2-XL-2,ST-EXECUTIVE-POLO-C2,,2998,1999,Size,XL,,1,,Colors,Petrol Blue / Old Navy,,1,
,variation,ST-EXECUTIVE-POLO-C2-XL-3,ST-EXECUTIVE-POLO-C2,,2998,1999,Size,XL,,1,,Colors,Grey / Maroon,,1,
,variation,ST-EXECUTIVE-POLO-C2-XL-4,ST-EXECUTIVE-POLO-C2,,2998,1999,Size,XL,,1,,Colors,Black / Grey,,1,
,variation,ST-EXECUTIVE-POLO-C2-XXL-1,ST-EXECUTIVE-POLO-C2,,2998,1999,Size,XXL,,1,,Colors,Black / White,,1,
,variation,ST-EXECUTIVE-POLO-C2-XXL-2,ST-EXECUTIVE-POLO-C2,,2998,1999,Size,XXL,,1,,Colors,Petrol Blue / Old Navy,,1,
,variation,ST-EXECUTIVE-POLO-C2-XXL-3,ST-EXECUTIVE-POLO-C2,,2998,1999,Size,XXL,,1,,Colors,Grey / Maroon,,1,
,variation,ST-EXECUTIVE-POLO-C2-XXL-4,ST-EXECUTIVE-POLO-C2,,2998,1999,Size,XXL,,1,,Colors,Black / Grey,,1,
29552,variable,ST-EXECUTIVE-POLO-C3,,Polos,,,Size,"S, M, L, XL, XXL",1,1,S,Colors,"Black / White / Grey, Petrol Blue / Old Navy / Moss Green, Black / Maroon / White",1,1,Black / White / Grey
,variation,ST-EXECUTIVE-POLO-C3-S-1,ST-EXECUTIVE-POLO-C3,,4497,2699,Size,S,,1,,Colors,Black / White / Grey,,1,
,variation,ST-EXECUTIVE-POLO-C3-S-2,ST-EXECUTIVE-POLO-C3,,4497,2699,Size,S,,1,,Colors,Petrol Blue / Old Navy / Moss Green,,1,
,variation,ST-EXECUTIVE-POLO-C3-S-3,ST-EXECUTIVE-POLO-C3,,4497,2699,Size,S,,1,,Colors,Black / Maroon / White,,1,
,variation,ST-EXECUTIVE-POLO-C3-M-1,ST-EXECUTIVE-POLO-C3,,4497,2699,Size,M,,1,,Colors,Black / White / Grey,,1,
,variation,ST-EXECUTIVE-POLO-C3-M-2,ST-EXECUTIVE-POLO-C3,,4497,2699,Size,M,,1,,Colors,Petrol Blue / Old Navy / Moss Green,,1,
,variation,ST-EXECUTIVE-POLO-C3-M-3,ST-EXECUTIVE-POLO-C3,,4497,2699,Size,M,,1,,Colors,Black / Maroon / White,,1,
,variation,ST-EXECUTIVE-POLO-C3-L-1,ST-EXECUTIVE-POLO-C3,,4497,2699,Size,L,,1,,Colors,Black / White / Grey,,1,
,variation,ST-EXECUTIVE-POLO-C3-L-2,ST-EXECUTIVE-POLO-C3,,4497,2699,Size,L,,1,,Colors,Petrol Blue / Old Navy / Moss Green,,1,
,variation,ST-EXECUTIVE-POLO-C3-L-3,ST-EXECUTIVE-POLO-C3,,4497,2699,Size,L,,1,,Colors,Black / Maroon / White,,1,
,variation,ST-EXECUTIVE-POLO-C3-XL-1,ST-EXECUTIVE-POLO-C3,,4497,2699,Size,XL,,1,,Colors,Black / White / Grey,,1,
,variation,ST-EXECUTIVE-POLO-C3-XL-2,ST-EXECUTIVE-POLO-C3,,4497,2699,Size,XL,,1,,Colors,Petrol Blue / Old Navy / Moss Green,,1,
,variation,ST-EXECUTIVE-POLO-C3-XL-3,ST-EXECUTIVE-POLO-C3,,4497,2699,Size,XL,,1,,Colors,Black / Maroon / White,,1,
,variation,ST-EXECUTIVE-POLO-C3-XXL-1,ST-EXECUTIVE-POLO-C3,,4497,2699,Size,XXL,,1,,Colors,Black / White / Grey,,1,
,variation,ST-EXECUTIVE-POLO-C3-XXL-2,ST-EXECUTIVE-POLO-C3,,4497,2699,Size,XXL,,1,,Colors,Petrol Blue / Old Navy / Moss Green,,1,
,variation,ST-EXECUTIVE-POLO-C3-XXL-3,ST-EXECUTIVE-POLO-C3,,4497,2699,Size,XXL,,1,,Colors,Black / Maroon / White,,1,
29554,variable,ST-PULLOVER-C2,,Pullover,,,Size,"S, M, L, XL, XXL",1,1,S,Colors,"Black / Blue, Olive Green / Maroon, Black / Maroon",1,1,Black / Blue
,variation,ST-PULLOVER-C2-S-1,ST-PULLOVER-C2,,3998,2599,Size,S,,1,,Colors,Black / Blue,,1,
,variation,ST-PULLOVER-C2-S-2,ST-PULLOVER-C2,,3998,2599,Size,S,,1,,Colors,Olive Green / Maroon,,1,
,variation,ST-PULLOVER-C2-S-3,ST-PULLOVER-C2,,3998,2599,Size,S,,1,,Colors,Black / Maroon,,1,
,variation,ST-PULLOVER-C2-M-1,ST-PULLOVER-C2,,3998,2599,Size,M,,1,,Colors,Black / Blue,,1,
,variation,ST-PULLOVER-C2-M-2,ST-PULLOVER-C2,,3998,2599,Size,M,,1,,Colors,Olive Green / Maroon,,1,
,variation,ST-PULLOVER-C2-M-3,ST-PULLOVER-C2,,3998,2599,Size,M,,1,,Colors,Black / Maroon,,1,
,variation,ST-PULLOVER-C2-L-1,ST-PULLOVER-C2,,3998,2599,Size,L,,1,,Colors,Black / Blue,,1,
,variation,ST-PULLOVER-C2-L-2,ST-PULLOVER-C2,,3998,2599,Size,L,,1,,Colors,Olive Green / Maroon,,1,
,variation,ST-PULLOVER-C2-L-3,ST-PULLOVER-C2,,3998,2599,Size,L,,1,,Colors,Black / Maroon,,1,
,variation,ST-PULLOVER-C2-XL-1,ST-PULLOVER-C2,,3998,2599,Size,XL,,1,,Colors,Black / Blue,,1,
,variation,ST-PULLOVER-C2-XL-2,ST-PULLOVER-C2,,3998,2599,Size,XL,,1,,Colors,Olive Green / Maroon,,1,
,variation,ST-PULLOVER-C2-XL-3,ST-PULLOVER-C2,,3998,2599,Size,XL,,1,,Colors,Black / Maroon,,1,
,variation,ST-PULLOVER-C2-XXL-1,ST-PULLOVER-C2,,3998,2599,Size,XXL,,1,,Colors,Black / Blue,,1,
,variation,ST-PULLOVER-C2-XXL-2,ST-PULLOVER-C2,,3998,2599,Size,XXL,,1,,Colors,Olive Green / Maroon,,1,
,variation,ST-PULLOVER-C2-XXL-3,ST-PULLOVER-C2,,3998,2599,Size,XXL,,1,,Colors,Black / Maroon,,1,
29556,variable,ST-KIDS-TEE-C2,,Kids,,,Size,"7-8 yrs, 8-10 yrs, 11-12 yrs, 12-14 yrs",1,1,7-8 yrs,Colors,"Black / White, Teal / Blue, Lilac / White",1,1,Black / White
,variation,ST-KIDS-TEE-C2-78-1,ST-KIDS-TEE-C2,,1398,799,Size,7-8 yrs,,1,,Colors,Black / White,,1,
,variation,ST-KIDS-TEE-C2-78-2,ST-KIDS-TEE-C2,,1398,799,Size,7-8 yrs,,1,,Colors,Teal / Blue,,1,
,variation,ST-KIDS-TEE-C2-78-3,ST-KIDS-TEE-C2,,1398,799,Size,7-8 yrs,,1,,Colors,Lilac / White,,1,
,variation,ST-KIDS-TEE-C2-810-1,ST-KIDS-TEE-C2,,1398,799,Size,8-10 yrs,,1,,Colors,Black / White,,1,
,variation,ST-KIDS-TEE-C2-810-2,ST-KIDS-TEE-C2,,1398,799,Size,8-10 yrs,,1,,Colors,Teal / Blue,,1,
,variation,ST-KIDS-TEE-C2-810-3,ST-KIDS-TEE-C2,,1398,799,Size,8-10 yrs,,1,,Colors,Lilac / White,,1,
,variation,ST-KIDS-TEE-C2-1112-1,ST-KIDS-TEE-C2,,1398,799,Size,11-12 yrs,,1,,Colors,Black / White,,1,
,variation,ST-KIDS-TEE-C2-1112-2,ST-KIDS-TEE-C2,,1398,799,Size,11-12 yrs,,1,,Colors,Teal / Blue,,1,
,variation,ST-KIDS-TEE-C2-1112-3,ST-KIDS-TEE-C2,,1398,799,Size,11-12 yrs,,1,,Colors,Lilac / White,,1,
,variation,ST-KIDS-TEE-C2-1214-1,ST-KIDS-TEE-C2,,1398,799,Size,12-14 yrs,,1,,Colors,Black / White,,1,
,variation,ST-KIDS-TEE-C2-1214-2,ST-KIDS-TEE-C2,,1398,799,Size,12-14 yrs,,1,,Colors,Teal / Blue,,1,
,variation,ST-KIDS-TEE-C2-1214-3,ST-KIDS-TEE-C2,,1398,799,Size,12-14 yrs,,1,,Colors,Lilac / White,,1,
29558,variable,ST-KIDS-POLO-C2,,Kids,,,Size,"7-8 yrs, 9-10 yrs, 11-12 yrs, 13-14 yrs",1,1,7-8 yrs,Colors,"Black / White, Red / Ocean Blue, Black / Ocean Blue",1,1,Black / White
,variation,ST-KIDS-POLO-C2-78-1,ST-KIDS-POLO-C2,,2198,1299,Size,7-8 yrs,,1,,Colors,Black / White,,1,
,variation,ST-KIDS-POLO-C2-78-2,ST-KIDS-POLO-C2,,2198,1299,Size,7-8 yrs,,1,,Colors,Red / Ocean Blue,,1,
,variation,ST-KIDS-POLO-C2-78-3,ST-KIDS-POLO-C2,,2198,1299,Size,7-8 yrs,,1,,Colors,Black / Ocean Blue,,1,
,variation,ST-KIDS-POLO-C2-910-1,ST-KIDS-POLO-C2,,2198,1299,Size,9-10 yrs,,1,,Colors,Black / White,,1,
,variation,ST-KIDS-POLO-C2-910-2,ST-KIDS-POLO-C2,,2198,1299,Size,9-10 yrs,,1,,Colors,Red / Ocean Blue,,1,
,variation,ST-KIDS-POLO-C2-910-3,ST-KIDS-POLO-C2,,2198,1299,Size,9-10 yrs,,1,,Colors,Black / Ocean Blue,,1,
,variation,ST-KIDS-POLO-C2-1112-1,ST-KIDS-POLO-C2,,2198,1299,Size,11-12 yrs,,1,,Colors,Black / White,,1,
,variation,ST-KIDS-POLO-C2-1112-2,ST-KIDS-POLO-C2,,2198,1299,Size,11-12 yrs,,1,,Colors,Red / Ocean Blue,,1,
,variation,ST-KIDS-POLO-C2-1112-3,ST-KIDS-POLO-C2,,2198,1299,Size,11-12 yrs,,1,,Colors,Black / Ocean Blue,,1,
,variation,ST-KIDS-POLO-C2-1314-1,ST-KIDS-POLO-C2,,2198,1299,Size,13-14 yrs,,1,,Colors,Black / White,,1,
,variation,ST-KIDS-POLO-C2-1314-2,ST-KIDS-POLO-C2,,2198,1299,Size,13-14 yrs,,1,,Colors,Red / Ocean Blue,,1,
,variation,ST-KIDS-POLO-C2-1314-3,ST-KIDS-POLO-C2,,2198,1299,Size,13-14 yrs,,1,,Colors,Black / Ocean Blue,,1,
