ID,Categories,Attribute 1 name,Attribute 1 value(s),Attribute 1 visible,Attribute 1 global,Attribute 2 name,Attribute 2 value(s),Attribute 2 visible,Attribute 2 global
29521,Tees,Size,"S, M, L, XL, XXL",1,0,Colors,"Black / Navy Blue, Olive Green / Maroon, Asphalt / Bottle Green, Black / Maroon",1,0
29544,Tees,Size,"S, M, L, XL, XXL",1,0,Colors,"Black / Navy Blue / Maroon, Olive Green / Kiwi Green / Bottle Green, Black / Asphalt / Navy Blue",1,0
29546,Tees,Size,"S, M, L, XL, XXL",1,0,Colors,"Black / Olive Green, Lagoon Blue / Peacock Blue, Dessert / Rose Mist, Black / Lagoon Blue",1,0
29548,Tees,Size,"S, M, L, XL, XXL",1,0,Colors,"Black / Dessert / Olive Green, Lagoon Blue / Peacock Blue / Black, Rose Mist / Dessert / Lagoon Blue",1,0
29550,Polos,Size,"S, M, L, XL, XXL",1,0,Colors,"Black / White, Petrol Blue / Old Navy, Grey / Maroon, Black / Grey",1,0
29552,Polos,Size,"S, M, L, XL, XXL",1,0,Colors,"Black / White / Grey, Petrol Blue / Old Navy / Moss Green, Black / Maroon / White",1,0
29554,Pullover,Size,"S, M, L, XL, XXL",1,0,Colors,"Black / Blue, Olive Green / Maroon, Black / Maroon",1,0
29556,Kids,Size,"7-8 yrs, 8-10 yrs, 11-12 yrs, 12-14 yrs",1,0,Colors,"Black / White, Teal / Blue, Lilac / White",1,0
29558,Kids,Size,"7-8 yrs, 9-10 yrs, 11-12 yrs, 13-14 yrs",1,0,Colors,"Black / White, Red / Ocean Blue, Black / Ocean Blue",1,0
