ID,SKU,Images
29521,,"https://smalltalk-two.vercel.app/combos/comfort-tee-c2-1.webp, https://smalltalk-two.vercel.app/combos/comfort-tee-c2-2.webp, https://smalltalk-two.vercel.app/combos/comfort-tee-c2-3.webp, https://smalltalk-two.vercel.app/combos/comfort-tee-c2-4.webp"
,ST-COMFORT-TEE-C2-S-1,https://smalltalk-two.vercel.app/combos/comfort-tee-c2-1.webp
,ST-COMFORT-TEE-C2-S-2,https://smalltalk-two.vercel.app/combos/comfort-tee-c2-2.webp
,ST-COMFORT-TEE-C2-S-3,https://smalltalk-two.vercel.app/combos/comfort-tee-c2-3.webp
,ST-COMFORT-TEE-C2-S-4,https://smalltalk-two.vercel.app/combos/comfort-tee-c2-4.webp
,ST-COMFORT-TEE-C2-M-1,https://smalltalk-two.vercel.app/combos/comfort-tee-c2-1.webp
,ST-COMFORT-TEE-C2-M-2,https://smalltalk-two.vercel.app/combos/comfort-tee-c2-2.webp
,ST-COMFORT-TEE-C2-M-3,https://smalltalk-two.vercel.app/combos/comfort-tee-c2-3.webp
,ST-COMFORT-TEE-C2-M-4,https://smalltalk-two.vercel.app/combos/comfort-tee-c2-4.webp
,ST-COMFORT-TEE-C2-L-1,https://smalltalk-two.vercel.app/combos/comfort-tee-c2-1.webp
,ST-COMFORT-TEE-C2-L-2,https://smalltalk-two.vercel.app/combos/comfort-tee-c2-2.webp
,ST-COMFORT-TEE-C2-L-3,https://smalltalk-two.vercel.app/combos/comfort-tee-c2-3.webp
,ST-COMFORT-TEE-C2-L-4,https://smalltalk-two.vercel.app/combos/comfort-tee-c2-4.webp
,ST-COMFORT-TEE-C2-XL-1,https://smalltalk-two.vercel.app/combos/comfort-tee-c2-1.webp
,ST-COMFORT-TEE-C2-XL-2,https://smalltalk-two.vercel.app/combos/comfort-tee-c2-2.webp
,ST-COMFORT-TEE-C2-XL-3,https://smalltalk-two.vercel.app/combos/comfort-tee-c2-3.webp
,ST-COMFORT-TEE-C2-XL-4,https://smalltalk-two.vercel.app/combos/comfort-tee-c2-4.webp
,ST-COMFORT-TEE-C2-XXL-1,https://smalltalk-two.vercel.app/combos/comfort-tee-c2-1.webp
,ST-COMFORT-TEE-C2-XXL-2,https://smalltalk-two.vercel.app/combos/comfort-tee-c2-2.webp
,ST-COMFORT-TEE-C2-XXL-3,https://smalltalk-two.vercel.app/combos/comfort-tee-c2-3.webp
,ST-COMFORT-TEE-C2-XXL-4,https://smalltalk-two.vercel.app/combos/comfort-tee-c2-4.webp
29544,,"https://smalltalk-two.vercel.app/combos/comfort-tee-c3-1.webp, https://smalltalk-two.vercel.app/combos/comfort-tee-c3-2.webp, https://smalltalk-two.vercel.app/combos/comfort-tee-c3-3.webp"
,ST-COMFORT-TEE-C3-S-1,https://smalltalk-two.vercel.app/combos/comfort-tee-c3-1.webp
,ST-COMFORT-TEE-C3-S-2,https://smalltalk-two.vercel.app/combos/comfort-tee-c3-2.webp
,ST-COMFORT-TEE-C3-S-3,https://smalltalk-two.vercel.app/combos/comfort-tee-c3-3.webp
,ST-COMFORT-TEE-C3-M-1,https://smalltalk-two.vercel.app/combos/comfort-tee-c3-1.webp
,ST-COMFORT-TEE-C3-M-2,https://smalltalk-two.vercel.app/combos/comfort-tee-c3-2.webp
,ST-COMFORT-TEE-C3-M-3,https://smalltalk-two.vercel.app/combos/comfort-tee-c3-3.webp
,ST-COMFORT-TEE-C3-L-1,https://smalltalk-two.vercel.app/combos/comfort-tee-c3-1.webp
,ST-COMFORT-TEE-C3-L-2,https://smalltalk-two.vercel.app/combos/comfort-tee-c3-2.webp
,ST-COMFORT-TEE-C3-L-3,https://smalltalk-two.vercel.app/combos/comfort-tee-c3-3.webp
,ST-COMFORT-TEE-C3-XL-1,https://smalltalk-two.vercel.app/combos/comfort-tee-c3-1.webp
,ST-COMFORT-TEE-C3-XL-2,https://smalltalk-two.vercel.app/combos/comfort-tee-c3-2.webp
,ST-COMFORT-TEE-C3-XL-3,https://smalltalk-two.vercel.app/combos/comfort-tee-c3-3.webp
,ST-COMFORT-TEE-C3-XXL-1,https://smalltalk-two.vercel.app/combos/comfort-tee-c3-1.webp
,ST-COMFORT-TEE-C3-XXL-2,https://smalltalk-two.vercel.app/combos/comfort-tee-c3-2.webp
,ST-COMFORT-TEE-C3-XXL-3,https://smalltalk-two.vercel.app/combos/comfort-tee-c3-3.webp
29546,,"https://smalltalk-two.vercel.app/combos/oversize-tee-c2-1.webp, https://smalltalk-two.vercel.app/combos/oversize-tee-c2-2.webp, https://smalltalk-two.vercel.app/combos/oversize-tee-c2-3.webp, https://smalltalk-two.vercel.app/combos/oversize-tee-c2-4.webp"
,ST-OVERSIZE-TEE-C2-S-1,https://smalltalk-two.vercel.app/combos/oversize-tee-c2-1.webp
,ST-OVERSIZE-TEE-C2-S-2,https://smalltalk-two.vercel.app/combos/oversize-tee-c2-2.webp
,ST-OVERSIZE-TEE-C2-S-3,https://smalltalk-two.vercel.app/combos/oversize-tee-c2-3.webp
,ST-OVERSIZE-TEE-C2-S-4,https://smalltalk-two.vercel.app/combos/oversize-tee-c2-4.webp
,ST-OVERSIZE-TEE-C2-M-1,https://smalltalk-two.vercel.app/combos/oversize-tee-c2-1.webp
,ST-OVERSIZE-TEE-C2-M-2,https://smalltalk-two.vercel.app/combos/oversize-tee-c2-2.webp
,ST-OVERSIZE-TEE-C2-M-3,https://smalltalk-two.vercel.app/combos/oversize-tee-c2-3.webp
,ST-OVERSIZE-TEE-C2-M-4,https://smalltalk-two.vercel.app/combos/oversize-tee-c2-4.webp
,ST-OVERSIZE-TEE-C2-L-1,https://smalltalk-two.vercel.app/combos/oversize-tee-c2-1.webp
,ST-OVERSIZE-TEE-C2-L-2,https://smalltalk-two.vercel.app/combos/oversize-tee-c2-2.webp
,ST-OVERSIZE-TEE-C2-L-3,https://smalltalk-two.vercel.app/combos/oversize-tee-c2-3.webp
,ST-OVERSIZE-TEE-C2-L-4,https://smalltalk-two.vercel.app/combos/oversize-tee-c2-4.webp
,ST-OVERSIZE-TEE-C2-XL-1,https://smalltalk-two.vercel.app/combos/oversize-tee-c2-1.webp
,ST-OVERSIZE-TEE-C2-XL-2,https://smalltalk-two.vercel.app/combos/oversize-tee-c2-2.webp
,ST-OVERSIZE-TEE-C2-XL-3,https://smalltalk-two.vercel.app/combos/oversize-tee-c2-3.webp
,ST-OVERSIZE-TEE-C2-XL-4,https://smalltalk-two.vercel.app/combos/oversize-tee-c2-4.webp
,ST-OVERSIZE-TEE-C2-XXL-1,https://smalltalk-two.vercel.app/combos/oversize-tee-c2-1.webp
,ST-OVERSIZE-TEE-C2-XXL-2,https://smalltalk-two.vercel.app/combos/oversize-tee-c2-2.webp
,ST-OVERSIZE-TEE-C2-XXL-3,https://smalltalk-two.vercel.app/combos/oversize-tee-c2-3.webp
,ST-OVERSIZE-TEE-C2-XXL-4,https://smalltalk-two.vercel.app/combos/oversize-tee-c2-4.webp
29548,,"https://smalltalk-two.vercel.app/combos/oversize-tee-c3-1.webp, https://smalltalk-two.vercel.app/combos/oversize-tee-c3-2.webp, https://smalltalk-two.vercel.app/combos/oversize-tee-c3-3.webp"
,ST-OVERSIZE-TEE-C3-S-1,https://smalltalk-two.vercel.app/combos/oversize-tee-c3-1.webp
,ST-OVERSIZE-TEE-C3-S-2,https://smalltalk-two.vercel.app/combos/oversize-tee-c3-2.webp
,ST-OVERSIZE-TEE-C3-S-3,https://smalltalk-two.vercel.app/combos/oversize-tee-c3-3.webp
,ST-OVERSIZE-TEE-C3-M-1,https://smalltalk-two.vercel.app/combos/oversize-tee-c3-1.webp
,ST-OVERSIZE-TEE-C3-M-2,https://smalltalk-two.vercel.app/combos/oversize-tee-c3-2.webp
,ST-OVERSIZE-TEE-C3-M-3,https://smalltalk-two.vercel.app/combos/oversize-tee-c3-3.webp
,ST-OVERSIZE-TEE-C3-L-1,https://smalltalk-two.vercel.app/combos/oversize-tee-c3-1.webp
,ST-OVERSIZE-TEE-C3-L-2,https://smalltalk-two.vercel.app/combos/oversize-tee-c3-2.webp
,ST-OVERSIZE-TEE-C3-L-3,https://smalltalk-two.vercel.app/combos/oversize-tee-c3-3.webp
,ST-OVERSIZE-TEE-C3-XL-1,https://smalltalk-two.vercel.app/combos/oversize-tee-c3-1.webp
,ST-OVERSIZE-TEE-C3-XL-2,https://smalltalk-two.vercel.app/combos/oversize-tee-c3-2.webp
,ST-OVERSIZE-TEE-C3-XL-3,https://smalltalk-two.vercel.app/combos/oversize-tee-c3-3.webp
,ST-OVERSIZE-TEE-C3-XXL-1,https://smalltalk-two.vercel.app/combos/oversize-tee-c3-1.webp
,ST-OVERSIZE-TEE-C3-XXL-2,https://smalltalk-two.vercel.app/combos/oversize-tee-c3-2.webp
,ST-OVERSIZE-TEE-C3-XXL-3,https://smalltalk-two.vercel.app/combos/oversize-tee-c3-3.webp
29550,,"https://smalltalk-two.vercel.app/combos/executive-polo-c2-1.webp, https://smalltalk-two.vercel.app/combos/executive-polo-c2-2.webp, https://smalltalk-two.vercel.app/combos/executive-polo-c2-3.webp, https://smalltalk-two.vercel.app/combos/executive-polo-c2-4.webp"
,ST-EXECUTIVE-POLO-C2-S-1,https://smalltalk-two.vercel.app/combos/executive-polo-c2-1.webp
,ST-EXECUTIVE-POLO-C2-S-2,https://smalltalk-two.vercel.app/combos/executive-polo-c2-2.webp
,ST-EXECUTIVE-POLO-C2-S-3,https://smalltalk-two.vercel.app/combos/executive-polo-c2-3.webp
,ST-EXECUTIVE-POLO-C2-S-4,https://smalltalk-two.vercel.app/combos/executive-polo-c2-4.webp
,ST-EXECUTIVE-POLO-C2-M-1,https://smalltalk-two.vercel.app/combos/executive-polo-c2-1.webp
,ST-EXECUTIVE-POLO-C2-M-2,https://smalltalk-two.vercel.app/combos/executive-polo-c2-2.webp
,ST-EXECUTIVE-POLO-C2-M-3,https://smalltalk-two.vercel.app/combos/executive-polo-c2-3.webp
,ST-EXECUTIVE-POLO-C2-M-4,https://smalltalk-two.vercel.app/combos/executive-polo-c2-4.webp
,ST-EXECUTIVE-POLO-C2-L-1,https://smalltalk-two.vercel.app/combos/executive-polo-c2-1.webp
,ST-EXECUTIVE-POLO-C2-L-2,https://smalltalk-two.vercel.app/combos/executive-polo-c2-2.webp
,ST-EXECUTIVE-POLO-C2-L-3,https://smalltalk-two.vercel.app/combos/executive-polo-c2-3.webp
,ST-EXECUTIVE-POLO-C2-L-4,https://smalltalk-two.vercel.app/combos/executive-polo-c2-4.webp
,ST-EXECUTIVE-POLO-C2-XL-1,https://smalltalk-two.vercel.app/combos/executive-polo-c2-1.webp
,ST-EXECUTIVE-POLO-C2-XL-2,https://smalltalk-two.vercel.app/combos/executive-polo-c2-2.webp
,ST-EXECUTIVE-POLO-C2-XL-3,https://smalltalk-two.vercel.app/combos/executive-polo-c2-3.webp
,ST-EXECUTIVE-POLO-C2-XL-4,https://smalltalk-two.vercel.app/combos/executive-polo-c2-4.webp
,ST-EXECUTIVE-POLO-C2-XXL-1,https://smalltalk-two.vercel.app/combos/executive-polo-c2-1.webp
,ST-EXECUTIVE-POLO-C2-XXL-2,https://smalltalk-two.vercel.app/combos/executive-polo-c2-2.webp
,ST-EXECUTIVE-POLO-C2-XXL-3,https://smalltalk-two.vercel.app/combos/executive-polo-c2-3.webp
,ST-EXECUTIVE-POLO-C2-XXL-4,https://smalltalk-two.vercel.app/combos/executive-polo-c2-4.webp
29552,,"https://smalltalk-two.vercel.app/combos/executive-polo-c3-1.webp, https://smalltalk-two.vercel.app/combos/executive-polo-c3-2.webp, https://smalltalk-two.vercel.app/combos/executive-polo-c3-3.webp"
,ST-EXECUTIVE-POLO-C3-S-1,https://smalltalk-two.vercel.app/combos/executive-polo-c3-1.webp
,ST-EXECUTIVE-POLO-C3-S-2,https://smalltalk-two.vercel.app/combos/executive-polo-c3-2.webp
,ST-EXECUTIVE-POLO-C3-S-3,https://smalltalk-two.vercel.app/combos/executive-polo-c3-3.webp
,ST-EXECUTIVE-POLO-C3-M-1,https://smalltalk-two.vercel.app/combos/executive-polo-c3-1.webp
,ST-EXECUTIVE-POLO-C3-M-2,https://smalltalk-two.vercel.app/combos/executive-polo-c3-2.webp
,ST-EXECUTIVE-POLO-C3-M-3,https://smalltalk-two.vercel.app/combos/executive-polo-c3-3.webp
,ST-EXECUTIVE-POLO-C3-L-1,https://smalltalk-two.vercel.app/combos/executive-polo-c3-1.webp
,ST-EXECUTIVE-POLO-C3-L-2,https://smalltalk-two.vercel.app/combos/executive-polo-c3-2.webp
,ST-EXECUTIVE-POLO-C3-L-3,https://smalltalk-two.vercel.app/combos/executive-polo-c3-3.webp
,ST-EXECUTIVE-POLO-C3-XL-1,https://smalltalk-two.vercel.app/combos/executive-polo-c3-1.webp
,ST-EXECUTIVE-POLO-C3-XL-2,https://smalltalk-two.vercel.app/combos/executive-polo-c3-2.webp
,ST-EXECUTIVE-POLO-C3-XL-3,https://smalltalk-two.vercel.app/combos/executive-polo-c3-3.webp
,ST-EXECUTIVE-POLO-C3-XXL-1,https://smalltalk-two.vercel.app/combos/executive-polo-c3-1.webp
,ST-EXECUTIVE-POLO-C3-XXL-2,https://smalltalk-two.vercel.app/combos/executive-polo-c3-2.webp
,ST-EXECUTIVE-POLO-C3-XXL-3,https://smalltalk-two.vercel.app/combos/executive-polo-c3-3.webp
29554,,"https://smalltalk-two.vercel.app/combos/pullover-c2-1.webp, https://smalltalk-two.vercel.app/combos/pullover-c2-2.webp, https://smalltalk-two.vercel.app/combos/pullover-c2-3.webp"
,ST-PULLOVER-C2-S-1,https://smalltalk-two.vercel.app/combos/pullover-c2-1.webp
,ST-PULLOVER-C2-S-2,https://smalltalk-two.vercel.app/combos/pullover-c2-2.webp
,ST-PULLOVER-C2-S-3,https://smalltalk-two.vercel.app/combos/pullover-c2-3.webp
,ST-PULLOVER-C2-M-1,https://smalltalk-two.vercel.app/combos/pullover-c2-1.webp
,ST-PULLOVER-C2-M-2,https://smalltalk-two.vercel.app/combos/pullover-c2-2.webp
,ST-PULLOVER-C2-M-3,https://smalltalk-two.vercel.app/combos/pullover-c2-3.webp
,ST-PULLOVER-C2-L-1,https://smalltalk-two.vercel.app/combos/pullover-c2-1.webp
,ST-PULLOVER-C2-L-2,https://smalltalk-two.vercel.app/combos/pullover-c2-2.webp
,ST-PULLOVER-C2-L-3,https://smalltalk-two.vercel.app/combos/pullover-c2-3.webp
,ST-PULLOVER-C2-XL-1,https://smalltalk-two.vercel.app/combos/pullover-c2-1.webp
,ST-PULLOVER-C2-XL-2,https://smalltalk-two.vercel.app/combos/pullover-c2-2.webp
,ST-PULLOVER-C2-XL-3,https://smalltalk-two.vercel.app/combos/pullover-c2-3.webp
,ST-PULLOVER-C2-XXL-1,https://smalltalk-two.vercel.app/combos/pullover-c2-1.webp
,ST-PULLOVER-C2-XXL-2,https://smalltalk-two.vercel.app/combos/pullover-c2-2.webp
,ST-PULLOVER-C2-XXL-3,https://smalltalk-two.vercel.app/combos/pullover-c2-3.webp
29556,,"https://smalltalk-two.vercel.app/combos/kids-tee-c2-1.webp, https://smalltalk-two.vercel.app/combos/kids-tee-c2-2.webp, https://smalltalk-two.vercel.app/combos/kids-tee-c2-3.webp"
,ST-KIDS-TEE-C2-78-1,https://smalltalk-two.vercel.app/combos/kids-tee-c2-1.webp
,ST-KIDS-TEE-C2-78-2,https://smalltalk-two.vercel.app/combos/kids-tee-c2-2.webp
,ST-KIDS-TEE-C2-78-3,https://smalltalk-two.vercel.app/combos/kids-tee-c2-3.webp
,ST-KIDS-TEE-C2-810-1,https://smalltalk-two.vercel.app/combos/kids-tee-c2-1.webp
,ST-KIDS-TEE-C2-810-2,https://smalltalk-two.vercel.app/combos/kids-tee-c2-2.webp
,ST-KIDS-TEE-C2-810-3,https://smalltalk-two.vercel.app/combos/kids-tee-c2-3.webp
,ST-KIDS-TEE-C2-1112-1,https://smalltalk-two.vercel.app/combos/kids-tee-c2-1.webp
,ST-KIDS-TEE-C2-1112-2,https://smalltalk-two.vercel.app/combos/kids-tee-c2-2.webp
,ST-KIDS-TEE-C2-1112-3,https://smalltalk-two.vercel.app/combos/kids-tee-c2-3.webp
,ST-KIDS-TEE-C2-1214-1,https://smalltalk-two.vercel.app/combos/kids-tee-c2-1.webp
,ST-KIDS-TEE-C2-1214-2,https://smalltalk-two.vercel.app/combos/kids-tee-c2-2.webp
,ST-KIDS-TEE-C2-1214-3,https://smalltalk-two.vercel.app/combos/kids-tee-c2-3.webp
29558,,"https://smalltalk-two.vercel.app/combos/kids-polo-c2-1.webp, https://smalltalk-two.vercel.app/combos/kids-polo-c2-2.webp, https://smalltalk-two.vercel.app/combos/kids-polo-c2-3.webp"
,ST-KIDS-POLO-C2-78-1,https://smalltalk-two.vercel.app/combos/kids-polo-c2-1.webp
,ST-KIDS-POLO-C2-78-2,https://smalltalk-two.vercel.app/combos/kids-polo-c2-2.webp
,ST-KIDS-POLO-C2-78-3,https://smalltalk-two.vercel.app/combos/kids-polo-c2-3.webp
,ST-KIDS-POLO-C2-910-1,https://smalltalk-two.vercel.app/combos/kids-polo-c2-1.webp
,ST-KIDS-POLO-C2-910-2,https://smalltalk-two.vercel.app/combos/kids-polo-c2-2.webp
,ST-KIDS-POLO-C2-910-3,https://smalltalk-two.vercel.app/combos/kids-polo-c2-3.webp
,ST-KIDS-POLO-C2-1112-1,https://smalltalk-two.vercel.app/combos/kids-polo-c2-1.webp
,ST-KIDS-POLO-C2-1112-2,https://smalltalk-two.vercel.app/combos/kids-polo-c2-2.webp
,ST-KIDS-POLO-C2-1112-3,https://smalltalk-two.vercel.app/combos/kids-polo-c2-3.webp
,ST-KIDS-POLO-C2-1314-1,https://smalltalk-two.vercel.app/combos/kids-polo-c2-1.webp
,ST-KIDS-POLO-C2-1314-2,https://smalltalk-two.vercel.app/combos/kids-polo-c2-2.webp
,ST-KIDS-POLO-C2-1314-3,https://smalltalk-two.vercel.app/combos/kids-polo-c2-3.webp
